,Acessibilidade da parada,Latitude,Longitude
parada_Igreja_Sao_Vicente,3241759,-5.192811000000005,-37.345127
parada_CIEE,3263424,-5.189851999999997,-37.34333
parada_Supermercado_Cidade_Alternativo_Volta,3269380,-5.190267583088853,-37.3471856117241
parada_Rua_Doutor_Joao_Marcelino_Volta0,3274502,-5.187383999999994,-37.344933
parada_Rua_Doutor_Joao_Marcelino_Ida2,3274676,-5.187430082434668,-37.34496809541818
parada_Praca_de_Eventos_Ida,3283081,-5.187665000000004,-37.3435
parada_Shopping_Boulevard,3302314,-5.193782887453011,-37.34571039676551
parada_Supermercado_Cidade_Alternativo_Ida,3305984,-5.190652237404609,-37.34730631112637
parada_Estacao_das_Artes,3305989,-5.189035000000003,-37.34463
terminal_Praca_Felipe_Guerra,3306971,-5.194237999999998,-37.34481
parada_Wi_Fitness,3328328,-5.192986870394313,-37.34871983527994
parada_Hotel_Caraubas,3351162,-5.190096625538894,-37.342168539762845
parada_Nossa_Corretora_de_Seguros,3365143,-5.190291990000049,-37.34693610999891
parada_Loterica_Sorteca,3365617,-5.191388155257373,-37.34343454241876
parada_Cemiterio_Sao_Sebastiao,3374853,-5.189768066361183,-37.34687983989782
parada_Livraria_Independencia,3378989,-5.193030277392096,-37.34180979431121
parada_Lojas_Americanas_Centro,3381922,-5.195403633825305,-37.34676115214686
parada_Teatro_Municipal_Dix_Huit_Rosado,3383389,-5.190170000000009,-37.34537
parada_Catedral_de_Santa_Luzia,3386581,-5.1921240722602935,-37.34108358621931
parada_UERN_Nucleo_de_Pratica_Juridica,3388223,-5.192065305772609,-37.34739348292289
parada_Praca_Gazeta,3393820,-5.194996120000353,-37.34341389999592
parada_Central,3409380,-5.192625999999999,-37.34291
parada_Praca_da_Convivencia,3434223,-5.1930082399915305,-37.34798491000839
parada_Praca_Antonio_Gomes,3448398,-5.189955051277868,-37.33855292201134
parada_Arte_da_Terra,3453669,-5.195695400000004,-37.34128599999999
parada_Praca_dos_Esportes,3457879,-5.195603973017117,-37.34967000782606
parada_Rua_Silva_Jardim_Volta0,3463233,-5.192053285361318,-37.35109493136704
parada_Mercado_Central,3463514,-5.191422,-37.343002
parada_Praca_do_Patins_Sadraque_Tavares,3475194,-5.193773999999999,-37.348545
parada_Rua_Nisia_Floresta_Ida0,3480095,-5.196254407138752,-37.34852470457242
parada_EM_Professor_Manoel_Assis,3498411,-5.195182592848795,-37.3504659533462
parada_Igreja_Universal_do_Reino_de_Deus_Centro,3498542,-5.189400000000005,-37.33865699999999
parada_Holanda_Pneus,3498980,-5.196683800139042,-37.34744846820854
parada_FMA_Imobiliaria,3500641,-5.191185143528479,-37.339974492788144
parada_Rua_Nisia_Floresta_Ida1,3504921,-5.196965999999997,-37.347282
parada_Instituto_Aquarela,3514850,-5.194883419435989,-37.35099971294729
parada_Igreja_Sao_Joao_Ida,3518832,-5.191285313798203,-37.35233545303145
parada_EE_Onzieme_Rosado_Fernandes,3523272,-5.193374999999997,-37.35186
parada_Praca_dos_Hospitais,3527730,-5.1866033382561,-37.34420232474862
parada_Caixa_Economica_Federal,3527826,-5.195234681064318,-37.344471886752416
parada_Rua_Nisia_Floresta_Ida2,3529818,-5.19755994794447,-37.34627902507624
parada_Cemiterio_Sao_Sebastiao_Lateral_Ida,3535122,-5.188731634687941,-37.34948426485462
parada_Rua_Antonio_Reis_Ida0,3537039,-5.197367622923678,-37.34869033098581
parada_Rua_Nisia_Floresta_Ida0,3541168,-5.194475999999999,-37.35159
parada_AeC,3542857,-5.197835079475556,-37.34524101018615
parada_Colegio_Diocesano_Santa_Luzia_Volta,3549970,-5.185277740524462,-37.34771132469299
parada_Colegio_Diocesano_Santa_Luzia_Ida,3549993,-5.185355206260858,-37.3477944731689
parada_EE_Professor_Eliseu_Viana_Ida,3559690,-5.185235000805612,-37.3519223928416
parada_Rua_Ferreira_Itajuba_Ida0,3559948,-5.185028000000004,-37.345562
parada_Rua_Doutor_Mario_Negocio0,3561063,-5.190430000000009,-37.34026
parada_Oficinas,3561246,-5.197364000000007,-37.345806
parada_CEM_Ida,3572428,-5.1826652697533255,-37.35043577849563
parada_Rua_Coelho_Neto_Ida1,3575001,-5.200442145068089,-37.35141813755262
parada_Avenida_Rio_Branco_Sul2,3576034,-5.198040760239526,-37.35207527875475
parada_Reboucas_Supermercados_Centro,3577188,-5.185316473393848,-37.341379970309504
parada_Churrascaria_Mossoro,3582901,-5.199087861314729,-37.34896659850896
parada_A_Construtora_Express,3583021,-5.199624767060663,-37.3527431488058
parada_Jucas_Bar_e_Restaurante,3591472,-5.190985,-37.35037599999999
terminal_Carcara,3602043,-5.195006294242609,-37.34307646751457
parada_Igreja_Sao_Joao_Volta,3607274,-5.1910636035715,-37.35213696956873
parada_Rua_Coelho_Neto_Ida2,3615916,-5.20102980180402,-37.3505008220648
parada_Praca_Raimundo_Rubira_Volta,3621480,-5.195450000000013,-37.35301
parada_Hotel_VillaOeste_Volta,3621974,-5.200468856746145,-37.33915776014454
parada_O_Sebosao,3623248,-5.196748,-37.341312
parada_Farmacia_do_Povo_Trabalhador,3625670,-5.198305206847588,-37.35469311475923
parada_Praca_Raimundo_Rubira_Ida,3627269,-5.195671420528876,-37.353056967255306
parada_Assembleia_de_Deus_Boa_Vista_I,3627465,-5.198327244062894,-37.35477089881967
parada_Rua_Frei_Miguelinho_Volta1,3629540,-5.190988809742932,-37.3497498035468
parada_Cobal,3632247,-5.188632799612259,-37.33754172920766
parada_Avenida_Cunha_da_Mota1,3632667,-5.199109230705021,-37.34607785940578
parada_Rua_Coelho_Neto_Ida3,3633885,-5.2018632049618025,-37.34923213720114
parada_Mercado_Publico_do_Alto_da_Conceicao,3634099,-5.198146939580632,-37.348551526667805
parada_Rua_Silva_Jardim_Ida1,3640997,-5.196763935665955,-37.35348880290832
parada_Rua_Silva_Jardim_Ida0,3641383,-5.198486000000001,-37.35413
parada_Rua_Silva_Jardim_Volta1,3641999,-5.1968681118222815,-37.35362827778275
parada_JPL_Motos_Ilha_de_Santa_Luzia_Ida,3642007,-5.201885909838303,-37.33812376856607
parada_Rua_Silva_Jardim_Volta2,3644114,-5.198385342168217,-37.354119122024045
parada_Cirne_Pneus_Mossoro,3655354,-5.185855394284256,-37.3404378443956
parada_L_E_Pneus,3656339,-5.204147299999998,-37.336803
parada_Rua_Coelho_Neto_Volta0,3657055,-5.197527893775434,-37.35589742660116
parada_Rua_Coelho_Neto_Ida0,3657200,-5.197596008880449,-37.35594034195197
parada_Avenida_Joao_da_Escossia_Ida2,3660538,-5.186856436952706,-37.35261708497906
parada_Rua_Frei_Miguelinho_Volta0,3667137,-5.19193600000001,-37.34823999999999
parada_Praca_da_Igreja_de_Nossa_Senhora_da_Conceicao_Ida,3668472,-5.201817000000008,-37.35073
parada_Avenida_Rio_Branco_Sul0,3669802,-5.196101481727309,-37.35046327113845
parada_Avenida_Rio_Branco_Sul1,3672869,-5.197025711628622,-37.35124111175184
parada_Tiinha_Restaurante_Ida,3676865,-5.193216593537619,-37.35651433467818
parada_Tiinha_Restaurante_Volta,3679247,-5.193274024319312,-37.35662564635335
parada_ADVM,3691483,-5.183932773537891,-37.34748534857847
parada_Rua_Francisco_Solon_Ida0,3696768,-5.194418631886669,-37.35682010650446
parada_Rua_Francisco_Solon_Volta0,3697553,-5.194539000000007,-37.356937
parada_Olinda_Pneus_Santo_Antonio_Ida,3701506,-5.181329000000002,-37.348965
parada_Paozao,3703483,-5.200355999887228,-37.34995700418917
parada_Aplastec_Center_Volta,3704966,-5.1969081795708165,-37.35688984394167
parada_Aplastec_Center_Ida,3705416,-5.196998000000001,-37.35692999999999
parada_FUNDAC_Ida,3708734,-5.196138878339386,-37.357420921326046
parada_FUNDAC_Volta,3709376,-5.196065420705778,-37.35747858881943
parada_Rua_Frei_Miguelinho_Volta2,3727879,-5.18998176340941,-37.35149055719757
parada_Rua_Prudente_de_Morais0,3730750,-5.186920546365229,-37.33870178461287
parada_Hotel_VillaOeste_Ida,3739887,-5.200675204454709,-37.33886472880953
parada_EE_Jeronimo_Rosado_Volta,3747690,-5.182901006951456,-37.34885193407859
parada_EE_Jeronimo_Rosado_Ida,3747956,-5.18306595615455,-37.34896056353704
parada_Friotec,3749456,-5.202108951836334,-37.34808683395647
parada_Cemiterio_Sao_Sebastiao_Lateral_Volta,3764984,-5.188648826923123,-37.34941184520967
parada_Avenida_Cunha_da_Mota0,3771012,-5.200912270502512,-37.347252666953565
parada_Rua_Marechal_Deodoro_Volta0,3777581,-5.186616026582095,-37.33612418175145
parada_Rua_Chico_Linhares_Volta0,3778580,-5.207486644062181,-37.33661368488888
parada_Mater_Christi,3779136,-5.182086945259909,-37.35026881098735
parada_Rua_Venceslau_Braz_Ida2,3786390,-5.184850343187885,-37.33683228492762
parada_Fic_Frio_Alto_de_Sao_Manoel,3801416,-5.206146398984885,-37.33549587428705
parada_Avenida_Diocesana_Ida1,3807266,-5.187639105633146,-37.35379993915906
parada_EE_Professor_Eliseu_Viana_Volta,3817524,-5.185144846699161,-37.35205046832864
parada_Rua_Professor_Manuel_Freire_Ida0,3821087,-5.198938275553441,-37.35651969909366
parada_Avenida_Diocesana_Ida0,3823355,-5.189829504274884,-37.35547363758036
parada_Rua_Professor_Manuel_Freire_Volta0,3823499,-5.198947000000008,-37.356594
parada_Avenida_Diocesana_Volta1,3856237,-5.189723991340232,-37.355633229012845
parada_Ster_Bom_Loja_da_Fabrica_Ida,3875455,-5.204104306061763,-37.3521476983997
parada_Rua_Francisco_Romualdo_Ida0,3904897,-5.192295000000004,-37.357635
parada_Lateral_Quadra_de_Esportes_CPP_Volta,3910283,-5.184310753626325,-37.334734797476536
parada_Izamar_Supermercado,3917025,-5.208545749513863,-37.33405284583933
parada_SESC_Ida,3934621,-5.180935637193045,-37.35205046832864
parada_SESC_Volta,3935367,-5.180854164039743,-37.35201157629842
parada_EE_Professor_Abel_Freire_Coelho_Volta,3944135,-5.179961965504936,-37.35280148684664
parada_Rua_Delfim_Moreira_Volta0,3953378,-5.183204860711807,-37.33530074357952
parada_Delegacia,3955646,-5.208851999999999,-37.33291
parada_EE_Doutor_Lavoisier_Maia_Volta,3955728,-5.179287473264212,-37.35348880290832
parada_EE_Doutor_Lavoisier_Maia_Ida,3958982,-5.17933488808854,-37.35351897775888
parada_EE_Professor_Abel_Freire_Coelho_Ida,3963235,-5.180034089386454,-37.35288396477512
parada_Olinda_Pneus_Santo_Antonio_Volta,3967683,-5.182337,-37.34966
parada_Avenida_Diocesana_Volta0,3967795,-5.187529585499675,-37.3539488017516
parada_Rua_Venceslau_Braz_Ida1,3984336,-5.181815813737909,-37.33490109443737
parada_Rua_Doutor_Joao_Marcelino_Volta1,3987030,-5.178306453074772,-37.35439538955618
parada_Rua_Doutor_Joao_Marcelino_Ida1,3987098,-5.178351196712179,-37.35444769263409
parada_Nogueirao_Ida,3987697,-5.184401575665071,-37.35665649176035
parada_Rua_Venceslau_Braz_Volta0,3989868,-5.181810399999999,-37.334763
parada_Rua_Doutor_Joao_Marcelino_Ida0,4006977,-5.177195207121702,-37.35557556151946
parada_Rua_Doutor_Joao_Marcelino_Volta2,4007031,-5.177140446152024,-37.35550448298735
parada_Procon_Municipal_de_Mossoro_Ida,4027474,-5.191613000000005,-37.360508
parada_Estacao_Fitness,4038398,-5.207817000000002,-37.33165
parada_ADUERN_Ida,4066009,-5.201964709122903,-37.32290223240987
parada_Tenda_Restaurante,4069926,-5.2012207901244,-37.322622612122544
parada_Mercadinho_Cocada,4082886,-5.211758447508479,-37.33193188905703
parada_Avenida_Joao_da_Escossia_Volta0,4109214,-5.18710218967877,-37.35197335481565
parada_Igreja_de_Nossa_Senhora_de_Fatima_Abolicao_Ida,4112615,-5.174338948800092,-37.3532728850863
parada_Rua_Campos_Sales_Ida0,4112916,-5.180185015256722,-37.34820485115101
parada_Pousada_Mossoro,4121270,-5.207353754921425,-37.33499698340455
parada_CITECS,4132312,-5.211478000000004,-37.331432
parada_Avenida_Joao_da_Escossia_Ida1,4140945,-5.182628540148686,-37.35960893332883
parada_Farmacia_da_familia,4145071,-5.20452170000001,-37.336723
parada_Nogueirao_Volta,4146688,-5.184548493640481,-37.35620185733255
parada_Residencial_Vingt_Un_Rosado_Volta,4159537,-5.2060400000000016,-37.329163
parada_Residencial_Vingt_Un_Rosado_Ida,4159537,-5.205992140396091,-37.32920475303767
parada_Rua_Venceslau_Braz_Ida0,4162757,-5.178428663297862,-37.33272045851036
parada_Rua_Venceslau_Braz_Volta1,4166717,-5.178402000000005,-37.332603
parada_UFERSA_Ida,4168047,-5.203127000000011,-37.32573299999999
parada_Rua_Joao_Cordeiro_Ida2,4169042,-5.176093976483048,-37.33496010303463
parada_Avenida_Francisco_Mota_Ida2,4169451,-5.200140302985237,-37.32177570461939
parada_Oeste_Trigo,4169994,-5.212936410401745,-37.331241220240166
parada_UFERSA_Volta,4170432,-5.203780000000009,-37.326023
parada_Rua_Joao_Cordeiro_Volta0,4174789,-5.1771784,-37.33316799999999
parada_Rua_Joao_Cordeiro_Ida3,4175269,-5.177253307163603,-37.33317106961756
parada_Rua_Joao_Cordeiro_Volta1,4178689,-5.176233000000001,-37.33461
parada_Rua_Joao_Cordeiro_Ida1,4182911,-5.174111890068663,-37.33785152435453
parada_Aeroporto,4194809,-5.191821,-37.362633
parada_UPA_Alto_de_Sao_Manoel_Volta,4195290,-5.210528000000001,-37.33697
parada_EE_Jose_de_Freitas_Nobre,4232090,-5.199515249009596,-37.32098579407117
parada_Rua_Presidente_Cafe_Filho_Volta0,4234593,-5.212724056713271,-37.33042985201205
parada_Farmacia_do_Trabalhador_Santo_Antonio,4234879,-5.179214681487759,-37.3500173538903
parada_Avenida_Mota_Neto_Ida6,4246022,-5.181006425338801,-37.36290067434731
parada_Splendore_Residence_Ida,4262465,-5.180210392166335,-37.363663762809125
parada_Rua_Orlando_Dantas_Volta0,4266950,-5.172997965463595,-37.33738213777517
parada_Rua_Presidente_Cafe_Filho_Volta1,4269120,-5.213351000000001,-37.32985300000001
parada_SP_Combustiveis_Centro,4278584,-5.1909489999999945,-37.35709399999999
parada_Igreja_Batista_Regular_Central,4286801,-5.18173834755845,-37.36326545477085
parada_Avenida_Francisco_Mota_Ida1,4286812,-5.19901039726549,-37.3202696442628
parada_Rua_Monsenhor_Gurgel0,4291959,-5.178197000000009,-37.34771
parada_Avenida_Alberto_Maranhao_Norte_Volta0,4303760,-5.174376346701192,-37.33401596546042
parada_Avenida_Alberto_Maranhao_Norte_Ida1,4307947,-5.174304000000009,-37.334026
parada_Avenida_Joao_da_Escossia_Ida0,4308414,-5.179135879369802,-37.365488335492245
parada_Rua_Melo_Franco_Ida2,4311767,-5.172581244964146,-37.33649700879823
parada_Rua_Melo_Franco_Volta0,4317908,-5.172543846956962,-37.33639508485913
parada_Ministerio_Publico_da_Uniao_Volta,4318649,-5.206434882469938,-37.325942516331295
parada_Avenida_Joao_da_Escossia_Volta1,4324482,-5.182789482560327,-37.35914759338168
parada_Ministerio_Publico_da_Uniao_Ida,4331222,-5.206578000000002,-37.32580999999999
parada_Cristais_do_Alto_Ida,4334411,-5.203997459951036,-37.320038974289226
parada_Avenida_Abel_Coelho_Ida2,4336368,-5.172368877673948,-37.35447317361662
parada_EM_Monsenhor_Mota,4349382,-5.177328000000001,-37.349224
parada_Avenida_Mota_Neto_Ida5,4349804,-5.182098965869958,-37.36375093459666
parada_Rua_Presidente_Cafe_Filho_Volta2,4350017,-5.214126391075314,-37.32923626900108
parada_FACENE_Ida,4354078,-5.215419300000006,-37.329662
parada_JPL_Motos_Ilha_de_Santa_Luzia_Volta,4378874,-5.201975393764838,-37.338269948959855
parada_FACENE_Volta,4382014,-5.215718370669102,-37.32948839664558
parada_ADUERN_Volta,4388688,-5.202059000000009,-37.32310499999999
parada_Posto_Ipiranga_Aeroporto_Ida,4393709,-5.19225800000001,-37.36648999999999
parada_Avenida_Mota_Neto_Ida4,4396835,-5.182889654171473,-37.36442148685546
parada_EE_Monsenhor_Raimundo_Gurgel_Volta,4407043,-5.201814999999997,-37.35790999999999
parada_Rua_Pedro_Valamira_Fernandes_Volta0,4410466,-5.2151414120920965,-37.3287990689236
parada_Splendore_Residence_Volta,4420863,-5.180398999999998,-37.36314
parada_Rua_Monsenhor_Gurgel1,4442696,-5.176063000000002,-37.35124
parada_Costalarga_Corretora_de_Seguros_Presidente_Costa_e_Silva_Ida,4446511,-5.204987500000001,-37.318657
parada_Procon_Municipal_de_Mossoro_Volta,4450613,-5.191438,-37.360527
parada_Spazio_di_Leone,4457093,-5.183479998504804,-37.364915013313485
parada_Fic_Frio_Pizzaria_e_Sanduicheria_Nova_Betania,4466735,-5.179323000000008,-37.364952
parada_Rua_Felipe_Camarao_Ida0,4474495,-5.192565000000003,-37.36895799999999
parada_HRTM,4477718,-5.190176000000006,-37.365982
parada_Igreja_de_Nossa_Senhora_de_Fatima_Abolicao_Volta,4478178,-5.173740582081864,-37.353433817622665
parada_Rua_Presidente_Cafe_Filho_Volta3,4479558,-5.214839577066965,-37.32862472533954
parada_Rua_Raimundo_Nonato_Chaves_Ida1,4480607,-5.186885820439846,-37.3682650923728
parada_EE_Monsenhor_Raimundo_Gurgel_Ida,4488047,-5.201956695632386,-37.3578554391868
parada_Ida_Linha3,4488282,-5.165582436597109,-37.34340101480403
parada_Rua_Melo_Franco_Ida1,4490226,-5.17048428186547,-37.33523100614229
parada_Rua_Melo_Franco_Volta1,4490494,-5.170519008700758,-37.33516663312955
parada_Supermercado_Queiroz_Aeroporto,4498179,-5.193849667356465,-37.36997164786138
parada_Assembleia_de_Deus_Arraial_1,4499028,-5.197079135273438,-37.317692041401386
parada_Intensefit_Academia_Aeroporto,4505741,-5.193893999999999,-37.36983
parada_Rua_Raimundo_Nonato_Chaves_Ida0,4507799,-5.18642503383644,-37.369194477795446
parada_Avenida_Mota_Neto_Ida3,4509092,-5.184006232584401,-37.36534953117424
parada_Rua_Joao_Cordeiro_Ida0,4516184,-5.173060740640446,-37.33941994607256
parada_UFERSA_Lateral_Ida,4522520,-5.208252000000009,-37.32336399999999
parada_Avenida_Abel_Coelho_Ida1,4524482,-5.167588591485185,-37.35806398093303
parada_Avenida_Francisco_Mota_Volta0,4524805,-5.197071000000005,-37.31686
parada_Avenida_Presidente_Dutra_Ida0,4525091,-5.218010000000003,-37.328224
parada_UFERSA_Lateral_Volta,4525973,-5.208474999999997,-37.322994
parada_Avenida_Abel_Coelho_Volta1,4529574,-5.168206999999999,-37.35724
parada_UBS_Chico_Porto,4542659,-5.185165548749602,-37.36635535955346
parada_Avenida_Mota_Neto_Ida2,4543340,-5.184479041508959,-37.365743815900906
parada_Avenida_Francisco_Mota_Ida0,4549846,-5.196541559565968,-37.31690347194805
parada_Igreja_Universal_do_Reino_de_Deus_Barrocas_Volta,4562845,-5.171304368899761,-37.33218133449378
parada_Igreja_Universal_do_Reino_de_Deus_Barrocas_Ida,4566950,-5.171207534571259,-37.332234978675565
parada_Avenida_Rio_Branco_Norte_Ida0,4569345,-5.165189700000005,-37.344494
parada_Avenida_Abel_Coelho_Volta0,4570269,-5.172334818766085,-37.354333028194745
parada_ICPI,4570398,-5.185627671887207,-37.36673086881695
parada_Avenida_Alberto_Maranhao_Sul_Ida3,4587928,-5.207042567159468,-37.35399842262177
parada_Convesti,4588260,-5.209126720853606,-37.322111651305214
parada_Justica_Federal_de_Primeiro_Grau_no_RN,4588268,-5.209067955962108,-37.32207208871858
parada_Avenida_Abel_Coelho_Ida0,4604772,-5.166332,-37.35919
parada_Assembleia_de_Deus_Centenario_I,4605849,-5.195112000000009,-37.36938
parada_Rua_Orlando_Dantas_Volta1,4605940,-5.17235151430728,-37.33841747045751
parada_Avenida_Mota_Neto_Ida1,4613856,-5.186091130291489,-37.367147952318405
parada_Avenida_Abel_Coelho_Volta2,4616889,-5.166305999999994,-37.359016
parada_UPA_Conchecita_Ciarlini_Volta,4619218,-5.170954429609137,-37.33858108520161
parada_Rua_Vivaldo_Dantas_de_Farias_Ida0,4619795,-5.172079042967689,-37.34000802040288
parada_Rua_Anderson_Dutra_Volta0,4620143,-5.195296118436376,-37.37071394919973
parada_UPA_Conchecita_Ciarlini_Ida,4621034,-5.170898332453366,-37.33863204717566
parada_Posto_Ipiranga_Aeroporto_Volta,4621976,-5.191871643473348,-37.366786524650045
parada_Delta_Gas_Ida,4634092,-5.208362109038824,-37.354824543001456
parada_Avenida_Mota_Neto_Ida0,4652533,-5.186686814091161,-37.36764550208803
parada_Capela_Santo_Expedito_Aeroporto,4661250,-5.188325609437028,-37.3683670163119
parada_BR_405_Ida1,4672941,-5.192979000000011,-37.372257
parada_Igreja_de_Sao_Francisco_de_Assis_Abolicao_Volta,4682759,-5.164487000000007,-37.359165
parada_UPA_Raimundo_Benjamin_Franco_Ida,4683050,-5.203650209941245,-37.358086109160375
parada_UPA_Raimundo_Benjamin_Franco_Volta,4684663,-5.203637000000001,-37.35816199999999
parada_Rua_Ricardo_Guilherme_de_Lima_Volta0,4686866,-5.188878551646551,-37.36720025539631
parada_Loja_Maconica_Uniao_Mossoroense,4689110,-5.196483461299527,-37.37140864133719
parada_Rua_Melo_Franco_Volta2,4697313,-5.168044049197583,-37.33367666601941
parada_Rua_Melo_Franco_Ida0,4698908,-5.16800264396616,-37.33370482921866
parada_Alameda_das_Carnaubeiras_Volta1,4715725,-5.210482986340216,-37.32008859515041
parada_Alameda_das_Carnaubeiras_Ida0,4715799,-5.210509697591811,-37.32010535896227
parada_Rua_Ricardo_Lima_Ida1,4716901,-5.186310171038623,-37.36997634172044
parada_Rua_Seis_de_Janeiro_Ida2,4745018,-5.169439804667862,-37.33773618936774
parada_Rua_Seis_de_Janeiro_Volta0,4748119,-5.169453161167292,-37.33763158321192
parada_Rua_Candido_Clementino_Barros_Ida0,4749345,-5.197458443082188,-37.36848168075124
parada_Alameda_das_Carnaubeiras_Ida1,4752512,-5.210881000000004,-37.319572
parada_Maxxi_Atacado,4754534,-5.177101044960534,-37.36814305186665
parada_Rua_Zeca_Cirilino_Ida1,4754581,-5.166936792189379,-37.333228737119946
parada_Alameda_das_Carnaubeiras_Volta0,4755014,-5.210831568128522,-37.3194991797252
parada_Avenida_Alberto_Maranhao_Norte_Volta1,4768999,-5.168934999999999,-37.330788
parada_Avenida_Alberto_Maranhao_Norte_Ida0,4772694,-5.168844104619541,-37.33080804348328
parada_West_Flat,4778081,-5.177435621077286,-37.36744098365341
parada_Cantina_azul,4779163,-5.187884858054441,-37.369278296827794
parada_Rua_Zeca_Cirilino_Ida2,4783192,-5.167731506399051,-37.33206197619538
parada_Rua_Zeca_Cirilino_Volta0,4783550,-5.167695499999992,-37.332016
parada_UBS_Joaquim_Saldanha_Ida,4788290,-5.162637304245919,-37.34171256423117
parada_UBS_Joaquim_Saldanha_Volta,4795945,-5.162657300000004,-37.341595
parada_Rua_Dolores_do_Carmo_Reboucas_Ida2,4798621,-5.198743947568456,-37.3725760728092
parada_Rua_Zeca_Cirilino_Ida0,4804798,-5.166180811024095,-37.33441561460257
parada_Primeira_Igreja_Metodista_Wesleyana_Volta,4806626,-5.1687612942585766,-37.33723595738138
parada_Rua_Ricardo_Lima_Ida0,4811616,-5.187028730992483,-37.37032905220914
parada_Avenida_Rio_Branco_Norte_Volta0,4814503,-5.1650561871934695,-37.34425663947785
parada_Primeira_Igreja_Metodista_Wesleyana_Ida,4816481,-5.168619600000008,-37.33721
parada_Igreja_Assembleia_de_Deus_Avivamento_e_Milagres,4840254,-5.198563000000004,-37.368507
parada_Posto_Fan_Santo_Antonio_Ida,4861783,-5.162059000000002,-37.345974
parada_Rua_Dolores_do_Carmo_Reboucas_Ida1,4865799,-5.198265139187921,-37.37347662448515
parada_Rua_Dolores_do_Carmo_Reboucas_Volta0,4868070,-5.198204369904,-37.373452484606496
parada_Igreja_de_Sao_Francisco_de_Assis_Abolicao_Ida,4870961,-5.164331400000003,-37.359077
parada_Residencial_Celina_Guimaraes,4882606,-5.195374918536611,-37.376169562342334
parada_BR_110_Norte_Ida1,4903778,-5.193224607139332,-37.312153279782855
parada_BR_110_Norte_Volta0,4904774,-5.193291387101929,-37.31208622455338
parada_Rua_Jose_Dutra_de_Souza_Ida0,4909258,-5.166159440519853,-37.33800441026767
parada_Rua_Seis_de_Janeiro_Volta1,4916370,-5.167524480103786,-37.33645945787188
parada_Posto_BH,4920696,-5.210995842242198,-37.35633194446192
parada_Rua_Souza_Leao_Ida0,4922400,-5.206251909159402,-37.359244823452734
parada_Rua_Souza_Leao_Volta0,4925337,-5.206243,-37.359314
parada_Rua_Dolores_do_Carmo_Reboucas_Ida0,4925486,-5.197800354142351,-37.3743617534621
parada_Rua_Dolores_do_Carmo_Reboucas_Volta1,4925993,-5.197704191675999,-37.374329566951225
parada_Igreja_Mae_Rainha_Presidente_Costa_e_Silva,4927388,-5.212205859979347,-37.31769874692074
parada_Rua_Seis_de_Janeiro_Ida1,4928700,-5.167353600000003,-37.33643
parada_Forum_Desembargador_Silveira_Martins,4929968,-5.2121577798536896,-37.31762364506804
parada_Rua_Tarcisio_Correia_Volta0,4929977,-5.163576000000007,-37.357758
parada_Rua_Tarcisio_Correia_Ida0,4931274,-5.163563299999997,-37.357918
parada_IFRN_Ida,4935970,-5.212519716300032,-37.32115678489106
parada_IFRN_Volta,4935970,-5.212562,-37.32111
parada_Rua_Dolores_do_Carmo_Reboucas_Ida3,4936895,-5.199726999999999,-37.37099
parada_Rua_Dolores_do_Carmo_Reboucas_Ida4,4949502,-5.200391000000002,-37.36955999999999
parada_Avenida_Alberto_Maranhao_Sul_Volta0,4955170,-5.202985092092128,-37.351634725931056
parada_Rua_Jeronimo_Rosado_de_Souza_Ida0,4955896,-5.167553864489225,-37.33919799327863
parada_Rede_Maquinas_Lateral,4962622,-5.183171470193185,-37.36899867654047
parada_Avenida_Alberto_Maranhao_Sul_Volta1,4963575,-5.206955755102034,-37.3541164398163
parada_Posto_Fan_Santo_Antonio_Volta,4966478,-5.160958300000005,-37.34622999999999
parada_Avenida_Presidente_Costa_e_Silva_Volta0,4970524,-5.162693500000003,-37.35690699999999
parada_Rua_Tabeliao_Aoem_Menescal_Ida0,4972919,-5.165642541194855,-37.33643934130483
parada_Avenida_Presidente_Costa_e_Silva_Ida8,4977489,-5.1625543,-37.357117
parada_UNP_Ida,4978405,-5.175277000000003,-37.37034
parada_Avenida_Alberto_Maranhao_Sul_Ida2,4980976,-5.209923385277251,-37.35584780573998
parada_Locavelthe,4996462,-5.209857000000006,-37.33352
parada_Rua_Ricardo_Guilherme_de_Lima_Volta1,4999423,-5.187569653841647,-37.36990526318834
parada_Delta_Gas_Volta,5000203,-5.208247250241188,-37.3549237847328
parada_Residencial_Celina_Guimaraes_Lateral_Ida1,5009449,-5.197210023202879,-37.37547487020488
parada_Residencial_Celina_Guimaraes_Lateral_Volta0,5009684,-5.197132558922673,-37.37544536590176
parada_Praca_do_Bicicross_Ida,5023654,-5.213138079566377,-37.318695187572864
parada_Praca_do_Bicicross_Volta,5025718,-5.213217999999996,-37.31871799999999
parada_Rua_Seis_de_Janeiro_Volta2,5030895,-5.1662050000000095,-37.335728
parada_EM_Raimunda_Nogueira_do_Couto_Ida,5031520,-5.164624769208839,-37.33875676989853
parada_Avenida_Presidente_Costa_e_Silva_Volta1,5037448,-5.161727400000002,-37.357628
parada_Granero_Transportes,5039322,-5.183606882398824,-37.36809343099648
parada_Avenida_Presidente_Costa_e_Silva_Ida7,5041713,-5.161728000000002,-37.35776
parada_ASSUFERSA_Ida,5043504,-5.213036000000006,-37.316444
parada_Rua_Seis_de_Janeiro_Ida0,5050259,-5.165959619005173,-37.33563654887052
parada_EM_Raimunda_Nogueira_do_Couto_Volta,5051485,-5.164729999999998,-37.338467
parada_ASSUFERSA_Volta,5056572,-5.213109000000003,-37.31629
parada_Rua_Zeca_Medeiros_Ida1,5062408,-5.207266942898015,-37.36066102981405
parada_Rua_Zeca_Medeiros_Volta0,5063708,-5.207232000000008,-37.360764
parada_Leite_Do_Sertao_Ida,5063792,-5.195358800000011,-37.31007799999999
parada_Leite_Do_Sertao_Volta,5074630,-5.195516600000004,-37.30999799999999
parada_UNIRB_Volta,5088748,-5.1918061989621656,-37.310063838955
parada_Rua_Vicente_Martins_Ida1,5089608,-5.212667963273296,-37.36184120178631
parada_Residencial_Celina_Guimaraes_Lateral_Volta1,5090649,-5.196544898549822,-37.37648606299958
parada_Rua_Gilberto_Mercelino_Sobrinho_Volta0,5091850,-5.1842372946152375,-37.3667952418297
parada_Residencial_Celina_Guimaraes_Lateral_Ida0,5091967,-5.196591644286145,-37.37653568386976
parada_Rua_Dom_Helder_Camara_Ida0,5098778,-5.212005526074299,-37.361342310903815
parada_UNIRB_Ida,5100306,-5.19161387217658,-37.310010194782194
parada_Avenida_Presidente_Costa_e_Silva_Volta2,5103476,-5.160725600000006,-37.358383
parada_Avenida_Alberto_Maranhao_Sul_Volta2,5107500,-5.2089924964942576,-37.35537976026448
parada_Rua_Zeca_Medeiros_Ida0,5109640,-5.209270294146468,-37.36163198947466
parada_Avenida_Presidente_Costa_e_Silva_Ida6,5109886,-5.160707499999997,-37.358547
parada_Rua_Zeca_Medeiros_Volta1,5114304,-5.209150999999999,-37.36165999999999
parada_Rua_Tabeliao_Aoem_Menescal_Volta0,5122840,-5.165645212517932,-37.33628377318394
parada_Alameda_das_Chacaras_Volta0,5124079,-5.213947426677891,-37.317667901513744
parada_Alameda_das_Chacaras_Ida0,5124257,-5.213880648898852,-37.31761962175643
parada_Rua_Vicente_Martins_Volta0,5125616,-5.21280200000001,-37.361843
parada_Rua_Joao_Falcao_Volta0,5136365,-5.196053500000002,-37.309277
parada_Rua_Joao_Falcao_Ida0,5153228,-5.19611900000001,-37.30902
parada_Rua_dos_Cajueiros_Ida0,5158214,-5.213688996642331,-37.315824553367456
parada_Rua_dos_Cajueiros_Volta0,5161091,-5.213783000000008,-37.315845
parada_Avenida_Santa_Luzia_Ida0,5162565,-5.1545153,-37.353184
parada_Avenida_Santa_Luzia_Volta7,5171770,-5.154718000000004,-37.353264
parada_Avenida_Presidente_Costa_e_Silva_Volta3,5177439,-5.159631000000005,-37.359173
parada_Avenida_Presidente_Costa_e_Silva_Ida5,5181446,-5.159606999999999,-37.35933299999999
parada_Fabrica_de_jarros_Sol_Nascente,5181664,-5.217763000000008,-37.328217
parada_Supermercado_Reboucas_Belo_Horizonte_Ida,5193090,-5.210445590580708,-37.362055778504455
parada_Supermercado_Reboucas_Belo_Horizonte_Volta,5193550,-5.210543000000008,-37.36223
parada_Rua_Dom_Helder_Camara_Volta0,5199139,-5.211944090333957,-37.36154347658326
parada_Avenida_Sao_Jeronimo_Volta0,5200897,-5.152775000000007,-37.352417
parada_Multmoveis_Ida,5201985,-5.212262999999997,-37.357635
parada_Sun_Ville,5206334,-5.172691000000003,-37.373302
parada_Rua_Alfredo_Ananias_Volta0,5215632,-5.215030561191541,-37.33295179903138
parada_Avenida_Joaquim_da_Silveira_Borges_Ida1,5217468,-5.196853000000006,-37.309296
parada_Avenida_Sao_Jeronimo_Ida4,5217766,-5.152816299999997,-37.352676
parada_Ministerio_Publico_Estadual_Volta,5218232,-5.214609000000003,-37.316654
parada_Ministerio_Publico_Estadual_Ida,5221254,-5.214602516271291,-37.31660239398083
parada_Rua_Marinho_Dantas_Ida0,5231900,-5.210905024038102,-37.36089169978763
parada_Avenida_Joaquim_da_Silveira_Borges_Volta0,5232311,-5.1969533000000006,-37.30949
parada_UNP_Volta,5242022,-5.1756470000000006,-37.369663
parada_Assembleia_de_Deus_Abolicao_IV_Volta,5245972,-5.15861850000001,-37.35997
parada_BR_110_Norte_Ida0,5248909,-5.190366417899468,-37.30843037366779
parada_Assembleia_de_Deus_Abolicao_IV_Ida,5251744,-5.158612700000005,-37.36012
parada_BR_110_Norte_Volta1,5254006,-5.1904425474065246,-37.30828419327401
parada_Avenida_Santa_Luzia_Ida1,5254390,-5.154159499999999,-37.35444
parada_Vnz_Jeep,5257406,-5.184513767575676,-37.37129867076589
parada_Avenida_Santa_Luzia_Volta6,5261733,-5.154149500000004,-37.354645
parada_Rua_Vicente_Martins_Ida0,5269956,-5.213469297646962,-37.360199689866896
parada_Rua_Vicente_Martins_Volta1,5270083,-5.213616999999996,-37.36028699999999
parada_Regina_Veiculos_Multimarcas,5271057,-5.2134078620498085,-37.33140081167266
parada_UNINASSAU,5272284,-5.172530490522731,-37.373766303064976
parada_Avenida_Sao_Jeronimo_Volta1,5298298,-5.151876000000002,-37.353897
parada_Avenida_Santa_Luzia_Ida2,5300821,-5.153553500000004,-37.35539
parada_Avenida_Sao_Jeronimo_Ida3,5303990,-5.151878000000011,-37.35401499999999
parada_Avenida_Santa_Luzia_Volta5,5306203,-5.153561999999998,-37.35554
parada_Rua_Raimundo_Firmino_de_Oliveira_Volta0,5322808,-5.216609850771126,-37.32574135065186
parada_Rua_Raimundo_Firmino_de_Oliveira_Ida0,5324080,-5.216555761006687,-37.32574805617121
parada_Avenida_Servulo_Marcelino_Volta0,5324140,-5.218130999999997,-37.33214999999999
parada_Pizzaria_Do_Louro_Ida,5347934,-5.198352999999998,-37.31025
parada_Pizzaria_Do_Louro_Volta,5349875,-5.198328579650863,-37.3103300482036
parada_Avenida_Santa_Luzia_Ida3,5363310,-5.152933999999997,-37.356285
parada_Avenida_Sao_Jeronimo_Volta2,5372358,-5.151058000000002,-37.355057
parada_Rua_Sergina_Lucinda_Alves_Volta2,5373666,-5.18954101317483,-37.30904459953707
parada_Avenida_Santa_Luzia_Volta4,5374322,-5.152964000000003,-37.35644
parada_Green_Garden_Residence_Club_Volta,5375697,-5.213314373082196,-37.333954945202855
parada_Avenida_Sao_Jeronimo_Ida2,5376320,-5.151099999999997,-37.355167
parada_Avenida_Presidente_Costa_e_Silva_Volta4,5379918,-5.156655000000006,-37.36136199999999
parada_Avenida_Presidente_Costa_e_Silva_Ida4,5387470,-5.15660330000001,-37.361515
parada_Supermercados_Queiroz_Dom_Jaime_Camara_Volta,5404977,-5.215585000000003,-37.324547
parada_Supermercados_Queiroz_Dom_Jaime_Camara_Ida,5407891,-5.215511999999998,-37.324512
parada_Avenida_Servulo_Marcelino_Volta1,5408127,-5.219390000000004,-37.33212699999999
parada_Multmoveis_Volta,5413105,-5.212131068663226,-37.35765963793183
parada_Avenida_Santa_Luzia_Ida4,5427091,-5.152290300000004,-37.35719
parada_Posto_Shell_Posto_Olinda_Ltda,5432610,-5.182740064568232,-37.36956059932286
parada_Avenida_Santa_Luzia_Volta3,5433621,-5.152303700000006,-37.357334
parada_Avenida_Joaquim_da_Silveira_Borges_Volta1,5435017,-5.199327999999999,-37.31106
parada_BR_405_Ida0,5437404,-5.194266373823537,-37.383542954918525
parada_Avenida_Alberto_Maranhao_Sul_Ida1,5438031,-5.214270631006964,-37.35995829105337
parada_Avenida_Joaquim_da_Silveira_Borges_Ida0,5444749,-5.199499599999999,-37.311035
parada_Avenida_Sao_Jeronimo_Volta3,5461814,-5.150134000000005,-37.356316
parada_Partage_Shopping,5465958,-5.170954700000004,-37.375694
parada_Avenida_Sao_Jeronimo_Ida1,5472339,-5.150168,-37.35656
parada_Avenida_Alberto_Maranhao_Sul_Volta3,5480847,-5.214162299999999,-37.36015299999999
parada_Avenida_Santa_Luzia_Ida5,5483613,-5.1517634000000045,-37.35804
parada_Rua_Sergina_Lucinda_Alves_Volta1,5488148,-5.1887369771211205,-37.31029987335304
parada_Rua_Raimundo_Almeida_Lopes_Ida0,5488420,-5.188445814303681,-37.30670571327246
parada_Panificadora_Bom_dia,5488670,-5.214954434659214,-37.33048617840157
parada_Avenida_Santa_Luzia_Volta2,5490830,-5.151776000000001,-37.35819
parada_Igreja_Adventista_do_Setimo_Dia_Abolicao_Ida,5493011,-5.155058400000005,-37.36259999999999
parada_Rua_Andre_Pedro_Fernandes_Volta0,5499379,-5.200097599999997,-37.311306
parada_Igreja_Adventista_do_Setimo_Dia_Abolicao_Volta,5499997,-5.154896700000008,-37.362568
parada_Rua_Andre_Pedro_Fernandes_Ida2,5506737,-5.200048999999998,-37.311153
parada_Rua_Francisca_da_Nobrega_Gurjel_Volta5,5511787,-5.193782887453011,-37.38387286663244
parada_Avenida_Santa_Luzia_Ida6,5543674,-5.151182700000006,-37.358868
parada_Avenida_Santa_Luzia_Volta1,5550690,-5.151196,-37.359016
parada_Avenida_Sao_Jeronimo_Volta4,5555275,-5.149247000000001,-37.357677
parada_Rua_Andre_Pedro_Fernandes_Volta1,5559142,-5.200546300000002,-37.31062
parada_Avenida_Sao_Jeronimo_Ida0,5569284,-5.149231000000001,-37.357944
parada_Rua_Francisca_da_Nobrega_Gurjel_Volta4,5570321,-5.1930897115849,-37.38353356719143
parada_Rua_Sergina_Lucinda_Alves_Volta0,5571799,-5.188111911836788,-37.31117963790552
parada_Rua_Andre_Pedro_Fernandes_Ida1,5572203,-5.200560000000001,-37.310402
parada_Avenida_Pedro_Paraguai_Volta0,5573184,-5.223096582440401,-37.33137063682209
parada_Rua_Raimundo_Almeida_Lopes_Ida1,5604967,-5.187580338727639,-37.30795562267295
parada_Avenida_Presidente_Costa_e_Silva_Ida3,5607351,-5.15336750000001,-37.363647
parada_Avenida_Santa_Luzia_Ida7,5611843,-5.150534600000002,-37.359787
parada_Avenida_Presidente_Costa_e_Silva_Volta5,5615183,-5.153208699999999,-37.36361999999999
parada_Avenida_Santa_Luzia_Volta0,5622059,-5.150539999999996,-37.35995499999999
parada_Santorini_Restaurante_Mossoro,5634523,-5.217930040327556,-37.32870250939999
parada_Assembleia_de_Deus_do_Parque_das_Rosas_Ida,5647602,-5.148264399999999,-37.35855
parada_Rua_Tonheca_Dantas_Volta0,5649749,-5.149165000000004,-37.36813
parada_Rua_Maria_Rosa_de_Araujo_Ida2,5650933,-5.187377325773399,-37.31142103671905
parada_Avenida_Presidente_Costa_e_Silva_Ida2,5654655,-5.15251800000001,-37.364136
parada_Assembleia_de_Deus_do_Parque_das_Rosas_Volta,5660450,-5.148200000000008,-37.35833399999999
parada_Avenida_Presidente_Costa_e_Silva_Volta6,5661787,-5.152378000000003,-37.36409999999999
parada_Avenida_Senador_Petronio_Portela_Ida5,5663916,-5.149107000000009,-37.36844599999999
parada_Rua_Francisca_da_Nobrega_Gurjel_Volta0,5668973,-5.188595000000007,-37.38122
parada_Supermercado_Queiroz_Santa_Delmira_Ida,5675478,-5.149952400000007,-37.360657
parada_Condominio_Ninho_Residencial_Ida,5678438,-5.187014039252412,-37.303851842878906
parada_Supermercado_Queiroz_Santa_Delmira_Volta,5682918,-5.149968600000004,-37.360817
parada_Condominio_Ninho_Residencial_Volta,5687893,-5.187056778859758,-37.30366408824716
parada_Igreja_Evangelica_Avivamento_Biblico_Abolicao_III_Ida,5693435,-5.1513734,-37.362267
parada_Rua_Raimundo_Almeida_Lopes_Ida2,5697636,-5.1869071902437485,-37.30895340442894
parada_Igreja_Evangelica_Avivamento_Biblico_Abolicao_III_Volta,5701797,-5.151314700000004,-37.36242
parada_Rua_Andre_Pedro_Fernandes_Volta2,5707406,-5.201785600000009,-37.308792
parada_Rua_Maria_Rosa_de_Araujo_Ida1,5729913,-5.186784313850243,-37.31101870536916
parada_Rua_Francisca_da_Nobrega_Gurjel_Volta3,5731771,-5.191234000000002,-37.382523
parada_Igreja_de_Sao_Pedro_Ida,5736677,-5.151506400000007,-37.364727
parada_Lino_Brita,5736881,-5.2228288074226095,-37.32549458742284
parada_Igreja_de_Sao_Pedro_Volta,5743331,-5.151384400000002,-37.364677
parada_Rua_Armando_Duarte_Numero_Volta0,5744773,-5.22560204286578,-37.33026221394734
parada_Avenida_Senador_Petronio_Portela_Ida4,5746314,-5.148138000000003,-37.36901
parada_Avenida_Senador_Petronio_Portela_Volta0,5769183,-5.147793896290579,-37.369115352631134
parada_Rua_Maria_Rosa_de_Araujo_Ida0,5780780,-5.186218013660808,-37.31064319610567
parada_Rua_Raimundo_Almeida_Lopes_Ida3,5781722,-5.186298150508732,-37.30984389782137
parada_Avenida_da_Integracao_Ida2,5786803,-5.146449600000002,-37.35764999999999
parada_Igreja_Universal_do_Reino_de_Deus_Abolicao_Ida,5790923,-5.1503444,-37.36298
parada_Avenida_Presidente_Costa_e_Silva_Ida0,5794133,-5.149638000000004,-37.365807
parada_Avenida_da_Integracao_Volta0,5798190,-5.146415000000001,-37.35742
parada_Igreja_Universal_do_Reino_de_Deus_Abolicao_Volta,5799118,-5.150284000000006,-37.363144
parada_Avenida_Alberto_Maranhao_Sul_Ida0,5802386,-5.217102000669423,-37.36370801925483
parada_Avenida_Senador_Petronio_Portela_Ida3,5814418,-5.147222000000009,-37.36952
parada_Rua_Francisco_Alves_da_Silva_Ida0,5831864,-5.149423600000008,-37.365067
parada_Rua_Francisco_Alves_da_Silva_Volta0,5837965,-5.1494417,-37.364933
parada_Avenida_Senador_Petronio_Portela_Ida2,5854498,-5.146679000000002,-37.369812
parada_Rua_Francisca_da_Nobrega_Gurjel_Volta2,5856489,-5.19060415563244,-37.3822903633103
parada_Avenida_Doutor_Epitacio_Carvalho_Volta1,5860288,-5.2019092825086455,-37.301229983571794
parada_Rua_Professora_Maria_Zelia_Ferreira_Guerra_Volta0,5862370,-5.202962999999994,-37.306515
parada_Avenida_Presidente_Costa_e_Silva_Ida1,5866100,-5.150599000000002,-37.365284
parada_Avenida_Presidente_Costa_e_Silva_Volta7,5867306,-5.150610000000008,-37.365154
parada_Avenida_Doutor_Epitacio_Carvalho_Ida0,5868370,-5.2019730000000015,-37.301334
parada_Avenida_Senador_Petronio_Portela_Ida1,5870753,-5.146373,-37.36997
parada_Rua_Antonio_Vitor_de_Melo_Volta0,5873659,-5.149152000000005,-37.363884
parada_Comercial_Gerdau_Ida,5874737,-5.147839000000007,-37.34776999999999
parada_Rua_Antonio_Vitor_de_Melo_Ida0,5876782,-5.149175999999998,-37.36374299999999
parada_Rua_Professora_Maria_Zelia_Ferreira_Guerra_Ida2,5879269,-5.203008999999999,-37.306267
parada_Rua_Francisco_Bandeira_Sobrinho_Ida1,5883483,-5.201926000000007,-37.300533
parada_Praca_do_Vingt_Rosado,5887320,-5.20240300000001,-37.30754000000001
parada_Rua_Francisco_Bandeira_Sobrinho_Volta0,5894476,-5.202086000000002,-37.300465
parada_UBS_da_Familia_Pereira_Francisco_de_Azevedo_Volta,5895752,-5.223780376471271,-37.32903175055748
parada_Avenida_Senador_Petronio_Portela_Volta1,5899334,-5.145950000000001,-37.370186
parada_UBS_Vingt_Rosado,5899685,-5.202430000000001,-37.30772999999999
parada_Condominio_Ecoville_Ida,5904370,-5.18524034326839,-37.30150759219881
parada_Condominio_Ecoville_Volta,5904812,-5.185336507635392,-37.30142712593063
parada_Avenida_da_Integracao_Volta1,5910446,-5.144727000000006,-37.356636
parada_BR_304_Sul_Ida0,5918952,-5.227619358608035,-37.32263401150994
parada_Rua_Ieda_Rodrigues_Rocha_Volta0,5922855,-5.22787177302599,-37.32214517891097
parada_Avenida_da_Integracao_Ida1,5923095,-5.144802000000005,-37.356853
parada_Rua_Professora_Maria_Zelia_Ferreira_Guerra_Volta1,5926834,-5.203484500000008,-37.30573699999999
parada_Avenida_Senador_Petronio_Portela_Ida0,5933839,-5.145557000000003,-37.37044
parada_Rua_Professora_Maria_Zelia_Ferreira_Guerra_Ida1,5942611,-5.203527000000002,-37.305504
parada_Rua_Andre_Pedro_Fernandes_Ida0,5969701,-5.201869000000011,-37.308475
parada_RN_117_Volta0,5971840,-5.219006490247513,-37.36516177654249
parada_Rodoviaria_Detran_RN,5988724,-5.18578260326462,-37.3735356330914
parada_Rua_Francisca_da_Nobrega_Gurjel_Volta1,5993235,-5.18954101317483,-37.381753921510445
parada_Avenida_Doutor_Epitacio_Carvalho_Ida1,5995054,-5.203394000000007,-37.30239
parada_Avenida_Doutor_Epitacio_Carvalho_Volta0,5999971,-5.2035246,-37.302345
parada_Avenida_Benjamin_Soares_Cardoso_Ida4,6006137,-5.1449356,-37.37008
parada_Posto_Real,6018690,-5.189016000000002,-37.37823
parada_Avenida_da_Integracao_Ida0,6049168,-5.142911400000005,-37.35593
parada_Rua_Professora_Maria_Zelia_Ferreira_Guerra_Volta2,6051048,-5.204451600000004,-37.304306
parada_UERN_Volta,6058616,-5.206460926112686,-37.31673985719496
parada_Avenida_Benjamin_Soares_Cardoso_Ida3,6059963,-5.144417300000002,-37.369225
parada_Avenida_da_Integracao_Volta2,6061896,-5.142793,-37.35574999999999
parada_Rua_Francisco_Bandeira_Sobrinho_Volta1,6062336,-5.2033772,-37.298622
parada_RN_117_Ida2,6067490,-5.220191785011409,-37.365578860043954
parada_Rua_Francisco_Bandeira_Sobrinho_Ida0,6075764,-5.203378000000008,-37.298405
parada_UERN_Ida,6080969,-5.205942600000004,-37.31681999999999
parada_Bioforma_Academia_Ida,6092908,-5.204557400000008,-37.30315999999999
parada_Bioforma_Academia_Volta,6102396,-5.204740500000002,-37.303127
parada_Avenida_Benjamin_Soares_Cardoso_Volta0,6134683,-5.143739000000003,-37.36837799999999
parada_Ida_Volta_Linha1_Linha2,6159632,-5.142080000000005,-37.346718
parada_Rua_Januario_Granjeiro_Volta0,6166645,-5.225326255735284,-37.35118746757903
parada_Rua_Januario_Granjeiro_Ida1,6171013,-5.225395000000007,-37.351177
parada_Avenida_Benjamin_Soares_Cardoso_Ida2,6184993,-5.142601000000003,-37.36714599999999
parada_Posto_da_Policia_Rodoviaria_Estadual_RN_117_Ida,6185030,-5.22162148124589,-37.3662561178221
parada_Posto_da_Policia_Rodoviaria_Estadual_RN_117_Volta,6185715,-5.221610796929181,-37.36630171537168
parada_Avenida_Benjamin_Soares_Cardoso_Volta2,6188386,-5.142590006307452,-37.3670554161064
parada_Avenida_Benjamin_Soares_Cardoso_Volta1,6191255,-5.143191073803631,-37.36776016652738
parada_Rua_Professora_Maria_Zelia_Ferreira_Guerra_Ida0,6192764,-5.204464400000009,-37.304115
parada_Rua_Senador_Ruy_Carneiro_Ida0,6194835,-5.141906299999997,-37.347866
parada_Rua_Senador_Ruy_Carneiro_Volta1,6213472,-5.14182600000001,-37.34814
parada_Avenida_Benjamin_Soares_Cardoso_Ida1,6221668,-5.142097999999998,-37.36656599999999
parada_Taldi_Engenharia_Volta,6235931,-5.183968835253026,-37.29810655117444
parada_Avenida_Benjamin_Soares_Cardoso_Volta3,6242995,-5.141840674699891,-37.36621588468801
parada_Costalarga_Corretora_de_Seguros_Presidente_Costa_e_Silva_Volta,6245747,-5.205081947188084,-37.31880784034293
parada_Avenida_Benjamin_Soares_Cardoso_Ida0,6254119,-5.1414785000000105,-37.365917
parada_Unidade_de_Educacao_Infantil_Noeme_Borges,6254959,-5.230410602370578,-37.31939926743741
parada_Taldi_Engenharia_Ida,6256741,-5.18371106072817,-37.297861799596745
parada_Campo_das_Malvinas,6260409,-5.230398582684034,-37.319257110355245
parada_Rua_Antonia_das_Merces_Reinaldo_Ida1,6261807,-5.141999623907069,-37.3592635989159
parada_Rua_Sem_Nome_Santa_Julia_Ida1,6264818,-5.141633639974184,-37.35834896564482
parada_Igreja_Sagrada_Familia_Ida,6267365,-5.204986600000006,-37.296913
parada_Igreja_Sagrada_Familia_Volta,6277917,-5.205042000000001,-37.29708
parada_Rua_Senador_Ruy_Carneiro_Ida1,6288048,-5.141019300000004,-37.34915
parada_Avenida_Benjamin_Soares_Cardoso_Volta4,6291269,-5.140836221684204,-37.36509069800141
parada_Avenida_Alberto_Maranhao_Sul_Volta4,6306845,-5.216861601852308,-37.36358731985256
parada_Rua_Senador_Ruy_Carneiro_Volta0,6306961,-5.140901600000002,-37.349487
parada_Assembleia_de_Deus_Ministerio_de_Madureira_Volta,6313230,-5.231014300000004,-37.31884
parada_Praca_Abolicao_V_Ida1,6317485,-5.1406198,-37.365753
parada_Assembleia_de_Deus_Ministerio_de_Madureira_Ida,6326167,-5.230990400000008,-37.318626
parada_Rua_Januario_Granjeiro_Volta1,6340370,-5.227331000000006,-37.35233699999999
parada_Rua_Januario_Granjeiro_Ida0,6340912,-5.227356259869596,-37.352313995360525
parada_EE_Jeronimo_Vingt_Rosado_Maia,6345830,-5.205873942231137,-37.297551333902426
parada_Clube_da_Caixa,6348153,-5.221800443454338,-37.32637301087145
parada_Avenida_Benjamin_Soares_Cardoso_Volta5,6351038,-5.140241830526449,-37.36438393592911
parada_Capela_de_Nossa_Senhora_Aparecida_Ida,6359553,-5.1405025,-37.350548
parada_Rua_Elita_Rodrigues_Ida0,6367216,-5.140792143260513,-37.35924750566047
parada_Igreja_Universal_Integracao_Volta,6370391,-5.140602600000004,-37.35472
parada_Igreja_Universal_Integracao_Ida,6371091,-5.140423000000006,-37.35475999999999
parada_Cristais_do_Alto_Volta,6371511,-5.204123004130393,-37.32015967369149
parada_Capela_de_Nossa_Senhora_Aparecida_Volta,6375650,-5.140431400000005,-37.35081
parada_Praca_Abolicao_V_Ida0,6392189,-5.139907902661155,-37.36641168594298
parada_Rua_Antonia_das_Merces_Reinaldo_Ida0,6392250,-5.141019213910562,-37.360500097277686
parada_Rua_Josefa_Xavier_de_Medeiros_Ida0,6397470,-5.228472759335253,-37.3508843779605
parada_Rua_Hamilton_Freire_de_Andrade_Volta0,6399453,-5.206047500000003,-37.2959
parada_Avenida_Desembargador_Olavo_Maia_Ida0,6399577,-5.232207999999999,-37.32213
parada_Rua_Josefa_Xavier_de_Medeiros_Volta0,6403657,-5.228558999999996,-37.350853
parada_Avenida_Antonio_Bento_Volta0,6421134,-5.231768000000004,-37.31731
parada_Avenida_Benjamin_Soares_Cardoso_Volta6,6435218,-5.139415024817184,-37.36354306339787
parada_Avenida_Desembargador_Olavo_Maia_Ida1,6438551,-5.231375,-37.32374600000001
parada_Salao_do_Reino_das_Testemunhas_de_Jeova_Vingt_Rosado,6440458,-5.206772999999999,-37.297657
parada_Avenida_Antonio_Bento_Ida8,6459144,-5.231627260234787,-37.31735676527199
parada_Rua_Sem_Nome_Santa_Julia_Ida0,6464980,-5.139977359673847,-37.36169368028865
parada_Rua_Manoel_Amancio_Reboucas_Neto_Ida1,6477735,-5.232974796197059,-37.32192456722092
parada_Rua_do_Pinhao_Volta0,6483041,-5.185913493538757,-37.29559600353351
parada_EM_Alcides_Manoel_de_Medeiros_Volta,6487474,-5.139454000000004,-37.35224999999999
parada_Rua_Antonio_Geraldo_de_Medeiros_Volta0,6491912,-5.229163000000003,-37.352917
parada_Jodiesel_Volta,6495924,-5.140591600000001,-37.345963
parada_Rua_Antonio_Geraldo_de_Medeiros_Ida0,6496981,-5.229234007836381,-37.35289469361506
parada_Rua_Expedicionario_Claudionor_Amancio_de_Oliveira_Ida2,6501916,-5.138731139481307,-37.36609652638062
parada_Rua_Mamona_Ida1,6503298,-5.185630343116941,-37.2953411936723
parada_Rua_Francisco_Gomes_Monteiro_Ida0,6512698,-5.138769999999999,-37.352707
parada_Rua_Francisco_Gomes_Monteiro_Volta0,6530371,-5.138668500000003,-37.353027
parada_EM_Alcides_Manoel_de_Medeiros_Ida,6532678,-5.139461774760384,-37.3519244045019
parada_Ida_Volta_Linha4,6533028,-5.138637000000003,-37.3627
parada_Assembleia_de_Deus_Congregacao_Liberdade_II_Ida,6537213,-5.232442000000004,-37.315834
parada_Rua_Hamilton_Freire_de_Andrade_Volta1,6546971,-5.207155000000007,-37.29429199999999
parada_Assembleia_de_Deus_Congregacao_Liberdade_II_Volta,6547864,-5.232601600000001,-37.31577
parada_Rua_Sem_Nome_Santa_Julia_Ida4,6549763,-5.139130517920719,-37.36186802387271
parada_Rua_Rosemiro_Fontes_Carneiro_Ida0,6555838,-5.207622999999996,-37.29640199999999
parada_Rua_Nilza_Pires_de_Almeida_Ida0,6567220,-5.230327000000006,-37.35159
parada_Rua_Nilza_Pires_de_Almeida_Volta0,6567976,-5.23036118812108,-37.3516179621192
parada_Rua_Manoel_Balbino_da_Costa_Volta0,6569662,-5.2290769999999975,-37.34857
parada_Rua_Manoel_Balbino_da_Costa_Ida0,6571168,-5.229004297863197,-37.34852671623272
parada_EE_Diran_Ramos_do_Amaral_Ida,6577207,-5.138920299999994,-37.353706
parada_Rua_Expedicionario_Claudionor_Amancio_de_Oliveira_Ida1,6582892,-5.138254289302742,-37.365566790100125
parada_EE_Diran_Ramos_do_Amaral_Volta,6586604,-5.139122500000004,-37.353725
parada_Rua_Expedicionario_Claudionor_Amancio_de_Oliveira_Ida0,6604712,-5.137764081610835,-37.36501894891288
parada_Rua_Celso_Rego_Volta1,6624592,-5.150497399999996,-37.34549
parada_Avenida_Antonio_Bento_Volta1,6636613,-5.233396818762731,-37.31486096978262
parada_Avenida_Antonio_Bento_Ida7,6637742,-5.233310010344442,-37.31480330228923
parada_Avenida_Luiz_Marques_Volta0,6641664,-5.2079023999999965,-37.29397999999999
parada_Assembleia_de_Deus_Efraim_1_Volta,6643130,-5.227198667682369,-37.36878812313394
parada_Assembleia_de_Deus_Efraim_1_Ida,6668407,-5.227535220449087,-37.36887663602535
parada_Rua_Zeus_Ida3,6713205,-5.229960531848271,-37.346938848495085
parada_Travessa_Francisco_Cavalcante_de_Moura_Ida0,6713773,-5.228897455982741,-37.32617855072036
parada_Avenida_Antonio_Bento_Ida6,6716869,-5.233793999999999,-37.313847
parada_Avenida_Desembargador_Olavo_Maia_Ida2,6721629,-5.230304000000007,-37.32585
parada_Avenida_Antonio_Bento_Volta2,6722076,-5.233924400000008,-37.313797
parada_Ida_Volta_Linha5,6723362,-5.208883647852396,-37.29458615184269
parada_Rua_Zeus_Volta0,6723546,-5.230125999999997,-37.34690499999999
parada_Rua_Sem_Nome_Santa_Julia_Ida2,6732843,-5.139771660044909,-37.3592501878772
parada_Rua_do_Pinhao_Volta1,6760876,-5.188061158642627,-37.29276359081088
parada_Rua_Sem_Nome_Santa_Julia_Ida3,6770991,-5.139234703555112,-37.360132634637424
parada_Rua_Mamona_Ida0,6778942,-5.187783351625519,-37.292549014092735
parada_Avenida_Antonio_Bento_Volta3,6785423,-5.234316987211187,-37.31307730079002
parada_Avenida_Antonio_Bento_Ida5,6790070,-5.234237999999999,-37.312973
parada_Sabao_Guarani_Ida,6816803,-5.228439371229053,-37.37062811851607
parada_Sabao_Guarani_Volta,6824557,-5.228397969959145,-37.37075150012608
parada_Rua_Zeus_Ida1,6832690,-5.232882645662451,-37.34307646751457
parada_Rua_Zeus_Volta2,6837516,-5.233049,-37.34299
parada_Avenida_Antonio_Bento_Volta4,6851993,-5.2346935000000085,-37.312275
parada_Avenida_Antonio_Bento_Ida4,6862487,-5.234676399999999,-37.312107
parada_Rua_Zeus_Ida0,6882908,-5.233734703709216,-37.34180644154704
parada_Rua_Zeus_Volta3,6899054,-5.233954000000006,-37.341576
parada_Rua_Zeus_Volta1,6904527,-5.231814000000007,-37.344852
parada_Rua_Zeus_Ida2,6905290,-5.231800877517343,-37.34477430582351
parada_Rua_Francisco_Lima_Ferreira_Volta0,6917420,-5.227460430961003,-37.32837796211054
parada_Posto_De_Molas_Scooby_Volta,6918171,-5.145518000000003,-37.347122
parada_Churrascaria_Chimarrao_Ida,6927542,-5.226408035077035,-37.33000069856678
parada_Rua_Manoel_Amancio_Reboucas_Neto_Ida0,6930357,-5.235118293911694,-37.32299208641413
parada_Avenida_Antonio_Bento_Volta5,6930527,-5.235179000000004,-37.31135
parada_Rua_Manoel_Amancio_Reboucas_Neto_Volta0,6932650,-5.235119629421364,-37.32305914163462
parada_EBS_Perfuracoes_Volta,6938841,-5.131947000000005,-37.34425
parada_Avenida_Antonio_Bento_Ida3,6945490,-5.235180000000003,-37.311127
parada_Posto_Salinas_SP_Combustiveis_Ida,6952703,-5.131749000000009,-37.344307
parada_Rua_Francisco_Lima_Ferreira_Ida1,6957525,-5.227305509843738,-37.32828408479467
parada_Rua_Francisco_Lima_Ferreira_Ida0,6968489,-5.227934000000007,-37.327095
parada_Avenida_Damiao_Rodrigues_de_Souza_Volta0,6974812,-5.228689114269673,-37.328769564629454
parada_Avenida_Antonio_Bento_Ida2,7041941,-5.235700600000002,-37.31007
parada_Elfe_Operacao_E_Manutencao_Ida,7052326,-5.229997926444108,-37.372967004771695
parada_Avenida_Antonio_Bento_Volta6,7053850,-5.235865999999998,-37.30998
parada_Churrascaria_Chimarrao_Volta,7060073,-5.226624390715836,-37.330015450718335
parada_Rua_da_Pitomba_Volta0,7062676,-5.190075255843008,-37.28984802961232
parada_Elfe_Operacao_E_Manutencao_Volta,7072945,-5.230307767298927,-37.37328082323018
parada_Rua_Joao_Barbosa_de_Lira_Ida1,7079872,-5.236943000000011,-37.32406199999999
parada_Rua_Joao_Barbosa_De_Lira_Volta0,7092697,-5.236779666522155,-37.32417762279288
parada_Avenida_Antonio_Bento_Volta7,7124712,-5.236261400000003,-37.30908999999999
parada_Comercial_Gerdau_Volta,7129593,-5.148221318630444,-37.347657680511205
parada_Avenida_Antonio_Bento_Ida1,7149964,-5.236334000000008,-37.30871
parada_Lonam_Freios_Pecas_e_Servicos_Volta,7151964,-5.149806118010526,-37.34797686338517
parada_Rua_Celso_Rego_Volta0,7162483,-5.150134000000013,-37.346756
parada_Rua_Francisco_Soares_Xaxa_Ida1,7166173,-5.220502298481804,-37.29595273733384
parada_Rua_Manoel_Batista_Neto_Volta1,7166532,-5.23359981684795,-37.32587814330956
parada_Rua_Joao_Barbosa_de_Lira_Ida0,7212032,-5.23595900000001,-37.325905
parada_Rua_Francisco_Soares_Xaxa_Volta0,7222605,-5.220991000000011,-37.2954
parada_Rua_Francisco_Soares_Xaxa_Ida0,7223723,-5.220889605394421,-37.295314371585896
parada_Rua_Joao_Barbosa_De_Lira_Volta1,7237288,-5.235745983437125,-37.326197326183525
parada_Avenida_Gagaca_Lopes_Ida2,7322244,-5.236238000000002,-37.32701
parada_Avenida_Gagaca_Lopes_Volta0,7325458,-5.23625881866711,-37.327059656385686
parada_Rua_Manoel_Batista_Neto_Volta0,7350388,-5.232337755272411,-37.32830956578617
parada_UBS_Vereador_Lahyre_Rosado_Volta,7435486,-5.230596239673652,-37.32955411076219
parada_Avenida_Gagaca_Lopes_Volta1,7449054,-5.237674455412885,-37.32778653502503
parada_Avenida_Gagaca_Lopes_Ida1,7454004,-5.237744000000007,-37.32778999999999
parada_3_Coracoes_Volta,7508178,-5.12470200000001,-37.34268599999999
parada_Avenida_Francisco_de_Assis_Fontes_Ida0,7524024,-5.239565527408013,-37.32776775956186
parada_3_Coracoes_Ida,7526628,-5.1244454,-37.34273999999999
parada_Ida_Volta_Linha7,7526816,-5.239601600000007,-37.310337
parada_Rua_Zeus_Volta4,7542584,-5.234789758294306,-37.34024405479194
parada_Avenida_Gagaca_Lopes_Volta2,7570006,-5.239036668866865,-37.32852280140045
parada_Avenida_Gagaca_Lopes_Ida0,7572308,-5.239094763193042,-37.328469827775095
parada_Rua_Sem_Nome_Jardim_das_Palmeiras_Ida0,7630695,-5.240636598135188,-37.309315502644736
parada_Rua_Professor_Anderson_Araujo_Ida0,7682619,-5.237982999999994,-37.308914
parada_Rua_Professor_Anderson_Araujo_Volta1,7682871,-5.237912175224453,-37.30899631977077
parada_Ida_Volta_Linha8,7715030,-5.24037484037079,-37.32817411422336
parada_Rua_Sem_Nome_Jardim_das_Palmeiras_Ida2,7734143,-5.2385974,-37.308445
parada_Rua_Professor_Anderson_Araujo_Ida1,7743144,-5.237293700000004,-37.308464
parada_Rua_Professor_Anderson_Araujo_Volta0,7743153,-5.237267126299224,-37.30849877000114
parada_Rua_Sem_Nome_Jardim_das_Palmeiras_Ida1,7778137,-5.238967222759665,-37.308022677902414
parada_Avenida_Antonio_Bento_Volta8,7795999,-5.236740936825526,-37.30811655521829
parada_Avenida_Antonio_Bento_Ida0,7796652,-5.236656799893181,-37.30805754661204
parada_Ida_Volta_Linha9,8049470,-5.236059160209714,-37.33794070780237
parada_RN_117_Volta1,8175466,-5.243513255301756,-37.3793452978176
parada_RN_117_Ida1,8175477,-5.243555991062404,-37.37922728061408
parada_RN_117_Ida0,8332132,-5.245390954740976,-37.38004937768216
parada_RN_117_Volta2,8334078,-5.245390954740976,-37.38011240959103
parada_Rua_Monalisa_Fartura_Ida0,8429083,-5.22367820807353,-37.28683054447467
parada_Rua_Pedro_Zaqueu_Dantas_Ida0,8544814,-5.223978703311875,-37.28483766317042
parada_Avenida_Mossoro_Ida3,8552550,-5.24580161726903,-37.38198660314431
parada_Rua_Monalisa_Fartura_Ida1,8573001,-5.225454466718938,-37.28728115558187
parada_Rua_Joao_Aquino_de_Morais_Volta1,8663020,-5.225270299999998,-37.285065
parada_Avenida_Mossoro_Ida2,8671793,-5.2451378796478485,-37.38350741565248
parada_Ida_Volta_Linha17,8777849,-5.226680300000006,-37.285397
parada_Avenida_Mossoro_Volta0,8806309,-5.245687433085312,-37.38193362950998
parada_Avenida_Mossoro_Ida1,8834553,-5.244303866279448,-37.385409101839606
parada_Avenida_Mossoro_Volta2,9006149,-5.244179665640068,-37.38541781901926
parada_Avenida_Mossoro_Ida0,9039797,-5.243379706052117,-37.38763265311743
parada_Avenida_Mossoro_Volta1,9174985,-5.244998321042862,-37.383462488650345
parada_Ida_Volta_Linha19,9214074,-5.242500283526232,-37.38967850804703
parada_Avenida_Mossoro_Volta3,9408111,-5.243075213655764,-37.38808259367719
parada_Avenida_dos_Automoveis_Volta0,9586902,-5.118496083117659,-37.334002554412734
parada_Ida_Volta_Linha12,9665573,-5.117847906896663,-37.331969439983375
parada_Avenida_dos_Automoveis_Ida1,9805476,-5.119423097529939,-37.33279556036306
parada_Rua_Centro_Esportivo_Mossoroense_Volta1,9848181,-5.119091999999999,-37.329987
parada_Avenida_dos_Automoveis_Ida0,9864913,-5.118602943640301,-37.33408167958603
parada_Rua_Centro_Esportivo_Mossoroense_Volta0,10055902,-5.120534400000003,-37.32776599999999
parada_Avenida_dos_Automoveis_Ida2,10201171,-5.120780000000007,-37.33063
parada_Avenida_dos_Automoveis_Ida3,10415826,-5.122201400000007,-37.32832299999999
